address,city,state,zip,price,sqft,bedrooms,bathrooms,days_on_zillow,sale_type,url,zestimate,zRange,builtIn,builtBy,comName,parking
address,city,state,zip,price,sqft,bedrooms,bathrooms,days_on_zillow,sale_type,url,zestimate,zRange,builtIn,builtBy,comName,parking
2691 N Mcarthur Ave # DD7R7W,Fresno,CA,93727,284950,1641.0,3.0,2.5,NA,New Construction,"http://www.zillow.com/homes/for_sale/2094098289_zpid/any_days/globalrelevanceex_sort/29.759534,-95.335321,29.675003,-95.502863_rect/12_zm/",NA,NA,NA,NA,NA,NA
295 N Minnewawa Ave,Fresno,CA,93727,310000,2140.0,4.0,3.0,127,For Sale by Owner,http://www.zillow.com/homes/for_sale//homedetails/295-N-Minnewawa-Ave-Fresno-CA-93727/18759515_zpid/,NA,NA,1980,NA,Single Family,2 spaces
2691 N Mcarthur Ave # Y9I6X,Fresno,CA,93727,357950,1935.0,3.0,2.0,NA,New Construction,"http://www.zillow.com/homes/for_sale/2094098280_zpid/any_days/globalrelevanceex_sort/29.759534,-95.335321,29.675003,-95.502863_rect/12_zm/","$295,177","$263,000-$357,000", 2018, Granville Homes, Belterra, 3 spaces
2691 N Mcarthur Ave # M92QD9,Fresno,CA,93727,429950,3104.0,4.0,3.5,NA,New Construction,"http://www.zillow.com/homes/for_sale/2094098286_zpid/any_days/globalrelevanceex_sort/29.759534,-95.335321,29.675003,-95.502863_rect/12_zm/","$449,831","$400,000-$553,000", 2018, Granville Homes, Belterra, 2 spaces
2691 N Mcarthur Ave # 1B6JIZ,Fresno,CA,93727,315950,2079.0,3.0,2.5,NA,New Construction,"http://www.zillow.com/homes/for_sale/2094098284_zpid/any_days/globalrelevanceex_sort/29.759534,-95.335321,29.675003,-95.502863_rect/12_zm/","$319,092","$281,000-$383,000", 2018, Granville Homes, Belterra, 2 spaces
811 S Mcarthur Ave # 7696NN,Fresno,CA,93727,337900,2108.0,3.0,3.0,NA,New Construction,"http://www.zillow.com/homes/for_sale/2093554991_zpid/any_days/globalrelevanceex_sort/29.759534,-95.335321,29.675003,-95.502863_rect/12_zm/","$333,241","$297,000-$383,000", 2018, Summit Homebuilders, Hamilton Estates, 3 spaces
2691 N Mcarthur Ave # 8PKH8S,Fresno,CA,93727,357950,2207.0,3.0,2.0,NA,New Construction,"http://www.zillow.com/homes/for_sale/2094098279_zpid/any_days/globalrelevanceex_sort/29.759534,-95.335321,29.675003,-95.502863_rect/12_zm/","$323,947","$272,000-$392,000", 2018, Granville Homes, Belterra, 2 spaces
2691 N Mcarthur Ave # 837J1F,Fresno,CA,93727,413450,2600.0,4.0,3.0,NA,New Construction,"http://www.zillow.com/homes/for_sale/2094098282_zpid/any_days/globalrelevanceex_sort/29.759534,-95.335321,29.675003,-95.502863_rect/12_zm/","$408,523","$339,000-$519,000", 2018, Granville Homes, Belterra, 2 spaces
1060 S Mckelvey Ave,Fresno,CA,93727,270990,1728.0,4.0,2.0,NA,New Construction,"http://www.zillow.com/homes/for_sale/2090768217_zpid/any_days/globalrelevanceex_sort/29.759534,-95.335321,29.675003,-95.502863_rect/12_zm/","$266,900","$254,000-$299,000", 2018, Centex Homes, Ivywood, 2 spaces
5477 E Tulare Ave,FRESNO,CA,93727,193000,2176.0,3.0,2.0,1,Foreclosure,http://www.zillow.com/homes/for_sale//homedetails/5477-E-Tulare-Ave-Fresno-CA-93727/18759746_zpid/,"$279,455","$260,000-$299,000",1947,NA,Single Family,Detached Garage
5786 E Alta Ave,Fresno,CA,93727,230000,1997.0,3.0,2.0,NA,House For Sale,http://www.zillow.com/homes/for_sale//homedetails/5786-E-Alta-Ave-Fresno-CA-93727/18768988_zpid/,NA,NA,NA,NA,NA,NA
4916 E Nevada Ave,Fresno,CA,93727,145000,1600.0,3.0,1.5,2,House For Sale,http://www.zillow.com/homes/for_sale//homedetails/4916-E-Nevada-Ave-Fresno-CA-93727/18759424_zpid/,NA,NA,NA,NA,NA,NA
5188 E Ashlan Ave APT 129,Fresno,CA,93727,169000,1295.0,3.0,2.0,2,Condo For Sale,http://www.zillow.com/homes/for_sale//homedetails/5188-E-Ashlan-Ave-APT-129-Fresno-CA-93727/18775669_zpid/,"$134,484","$113,000-$141,000",1973,NA,Condo,Carport
1202 S Shelly Ave,Fresno,CA,93727,310000,1961.0,4.0,2.5,1,House For Sale,http://www.zillow.com/homes/for_sale//homedetails/1202-S-Shelly-Ave-Fresno-CA-93727/2090746522_zpid/,"$288,019","$274,000-$302,000",2015,NA,Single Family,Attached Garage
2691 N Mcarthur Ave # 863EVM,Fresno,CA,93727,404450,2675.0,4.0,3.0,NA,New Construction,"http://www.zillow.com/homes/for_sale/2091796283_zpid/any_days/globalrelevanceex_sort/29.759534,-95.335321,29.675003,-95.502863_rect/12_zm/","$396,416","$337,000-$515,000", 2018, Granville Homes, Belterra, 3 spaces
1363 S Sylmar Ave,Fresno,CA,93727,255000,1517.0,3.0,2.0,1,House For Sale,http://www.zillow.com/homes/for_sale//homedetails/1363-S-Sylmar-Ave-Fresno-CA-93727/68963297_zpid/,"$249,203","$237,000-$262,000",2005,NA,Single Family,Attached Garage
4960 E Tulare Ave,FRESNO,CA,93727,260000,NA,NA,NA,2,Lot/Land For Sale,http://www.zillow.com/homes/for_sale//homedetails/4960-E-Tulare-Ave-Fresno-CA-93727/18760672_zpid/,NA,NA,NA,NA,NA,NA
811 S Mcarthur Ave # PGGZSY,Fresno,CA,93727,327900,2069.0,3.0,2.0,NA,New Construction,"http://www.zillow.com/homes/for_sale/2093554992_zpid/any_days/globalrelevanceex_sort/29.759534,-95.335321,29.675003,-95.502863_rect/12_zm/","$297,446","$271,000-$342,000", 2018, Summit Homebuilders, Hamilton Estates, 2 spaces
6880 E Harvey Ave,Fresno,CA,93727,663000,3888.0,6.0,4.0,3,House For Sale,http://www.zillow.com/homes/for_sale//homedetails/6880-E-Harvey-Ave-Fresno-CA-93727/2090788064_zpid/,NA,NA,NA,NA,NA,NA
5235 E Townsend Ave,Fresno,CA,93727,301900,2243.0,3.0,2.0,NA,House For Sale,http://www.zillow.com/homes/for_sale//homedetails/5235-E-Townsend-Ave-Fresno-CA-93727/18767983_zpid/,"$299,936","$285,000-$315,000",1978,NA,Single Family,Attached Garage
6687 E Montecito Ave,Fresno,CA,93727,265000,1525.0,3.0,2.0,1,House For Sale,http://www.zillow.com/homes/for_sale//homedetails/6687-E-Montecito-Ave-Fresno-CA-93727/79543750_zpid/,"$262,359","$249,000-$275,000",2009,NA,Single Family,Attached Garage
6208 E Lyell Ave,Fresno,CA,93727,250000,1808.0,3.0,2.0,NA,House For Sale,http://www.zillow.com/homes/for_sale//homedetails/6208-E-Lyell-Ave-Fresno-CA-93727/18659497_zpid/,"$253,020","$235,000-$266,000",1957,NA,Single Family,Attached Garage
6967 E Erin Ave,Fresno,CA,93727,270990,2450.0,5.0,3.0,NA,New Construction,"http://www.zillow.com/homes/for_sale/2091970862_zpid/any_days/globalrelevanceex_sort/29.759534,-95.335321,29.675003,-95.502863_rect/12_zm/",NA,NA,NA,NA,NA,NA
1034 S Clover Ave,Fresno,CA,93727,270990,2175.0,4.0,2.0,NA,New Construction,"http://www.zillow.com/homes/for_sale/2090901076_zpid/any_days/globalrelevanceex_sort/29.759534,-95.335321,29.675003,-95.502863_rect/12_zm/",NA,NA,NA,NA,NA,NA
6962 E Geary St,Fresno,CA,93727,264990,1492.0,3.0,2.0,NA,New Construction,"http://www.zillow.com/homes/for_sale/2091970859_zpid/any_days/globalrelevanceex_sort/29.759534,-95.335321,29.675003,-95.502863_rect/12_zm/","$253,432","$241,000-$286,000", 2018, Centex Homes, Ivywood, 2 spaces
1196 S Clover Ave,Fresno,CA,93727,274990,1492.0,3.0,2.0,NA,New Construction,"http://www.zillow.com/homes/for_sale/2091673491_zpid/any_days/globalrelevanceex_sort/29.759534,-95.335321,29.675003,-95.502863_rect/12_zm/","$290,366","$250,000-$325,000", 2018, Centex Homes, Ivywood, 2 spaces
317 S Willow Ave,Fresno,CA,93727,125000,1539.0,4.0,2.0,9,House For Sale,http://www.zillow.com/homes/for_sale//homedetails/317-S-Willow-Ave-Fresno-CA-93727/18760320_zpid/,NA,NA,NA,NA,NA,NA
6793 E Christine Ave,Fresno,CA,93727,270990,2063.0,4.0,2.0,NA,New Construction,"http://www.zillow.com/homes/for_sale/2094372479_zpid/any_days/globalrelevanceex_sort/29.759534,-95.335321,29.675003,-95.502863_rect/12_zm/","$266,900","$254,000-$299,000", 2018, Centex Homes, Ivywood, 2 spaces
4914 E Platt Ave,Fresno,CA,93727,169500,1016.0,3.0,1.5,6,House For Sale,http://www.zillow.com/homes/for_sale//homedetails/4914-E-Platt-Ave-Fresno-CA-93727/18760718_zpid/,"$166,478","$155,000-$175,000",1973,NA,Single Family,Attached Garage
6535 E Butler Ave,Fresno,CA,93727,236000,1694.0,3.0,2.0,9,Auction,http://www.zillow.com/homes/for_sale//homedetails/6535-E-Butler-Ave-Fresno-CA-93727/95483595_zpid/,"$264,589","$251,000-$278,000",2014,NA,Single Family,2 spaces
1347 S Filbert Ave # 93Z9EL,Fresno,CA,93727,269750,1725.0,4.0,2.0,NA,New Construction,"http://www.zillow.com/homes/for_sale/2092190070_zpid/any_days/globalrelevanceex_sort/29.759534,-95.335321,29.675003,-95.502863_rect/12_zm/","$266,379","$253,000-$298,000", 2018, Lennar, Daffodil Hill - California Series, 2 spaces
5644 E Byrd Ave,Fresno,CA,93727,295000,2204.0,4.0,2.5,7,House For Sale,http://www.zillow.com/homes/for_sale//homedetails/5644-E-Byrd-Ave-Fresno-CA-93727/18662541_zpid/,"$312,427","$297,000-$328,000",1970,NA,Single Family,Attached Garage
5889 E Ramona Ave,Fresno,CA,93727,260000,1662.0,5.0,2.0,5,House For Sale,http://www.zillow.com/homes/for_sale//homedetails/5889-E-Ramona-Ave-Fresno-CA-93727/18777940_zpid/,NA,NA,NA,NA,NA,NA
5511 E Erin Ave,Fresno,CA,93727,325000,1736.0,3.0,2.0,5,House For Sale,http://www.zillow.com/homes/for_sale//homedetails/5511-E-Erin-Ave-Fresno-CA-93727/89469961_zpid/,"$281,774","$268,000-$296,000",2008,NA,Single Family,6 spaces
5155 E Dwight Way,Fresno,CA,93727,337900,2122.0,4.0,3.0,8,Foreclosure,http://www.zillow.com/homes/for_sale//homedetails/5155-E-Dwight-Way-Fresno-CA-93727/18768319_zpid/,"$267,326","$249,000-$281,000",1977,NA,Single Family,Attached Garage
5273 E Geary St,Fresno,CA,93727,264990,1737.0,3.0,2.0,NA,House For Sale,http://www.zillow.com/homes/for_sale//homedetails/5273-E-Geary-St-Fresno-CA-93727/79537057_zpid/,"$247,592","$235,000-$260,000",2007,NA,Single Family,Attached Garage
6742 E Christine Ave,Fresno,CA,93727,284900,1728.0,4.0,2.0,9,House For Sale,http://www.zillow.com/homes/for_sale//homedetails/6742-E-Christine-Ave-Fresno-CA-93727/2090876442_zpid/,"$268,515","$255,000-$282,000",2016,NA,Single Family,Attached Garage
5329 E Pitt Ave,Fresno,CA,93727,239900,1522.0,3.0,2.0,10,House For Sale,http://www.zillow.com/homes/for_sale//homedetails/5329-E-Pitt-Ave-Fresno-CA-93727/95457504_zpid/,NA,NA,NA,NA,NA,NA
465 S Duke Ave,Fresno,CA,93727,265000,1691.0,3.0,2.0,7,House For Sale,http://www.zillow.com/homes/for_sale//homedetails/465-S-Duke-Ave-Fresno-CA-93727/82855355_zpid/,NA,NA,2008,NA,Single Family,2 spaces
6137 E Clinton Ave,Fresno,CA,93727,450000,1796.0,4.0,2.0,10,For Sale by Owner,http://www.zillow.com/homes/for_sale//homedetails/6137-E-Clinton-Ave-Fresno-CA-93727/18652466_zpid/,NA,NA,1962,NA,Single Family,5 spaces
6113 E Illinois Ave,Fresno,CA,93727,259900,1652.0,3.0,2.0,NA,House For Sale,http://www.zillow.com/homes/for_sale//homedetails/6113-E-Illinois-Ave-Fresno-CA-93727/18660491_zpid/,"$256,835","$244,000-$270,000",1988,NA,Single Family,Attached Garage
332 S Minnewawa Ave,Fresno,CA,93727,399900,754.0,2.0,1.0,7,House For Sale,http://www.zillow.com/homes/for_sale//homedetails/332-S-Minnewawa-Ave-Fresno-CA-93727/18760416_zpid/,NA,NA,NA,NA,NA,NA
1347 S Filbert Ave # ELWPYB,Fresno,CA,93727,302050,2171.0,3.0,3.0,NA,New Construction,"http://www.zillow.com/homes/for_sale/2091365341_zpid/any_days/globalrelevanceex_sort/29.759534,-95.335321,29.675003,-95.502863_rect/12_zm/",NA,NA,NA,NA,NA,NA
2691 N Mcarthur Ave # MU8JAU,Fresno,CA,93727,413450,2806.0,5.0,4.0,NA,New Construction,"http://www.zillow.com/homes/for_sale/2091762427_zpid/any_days/globalrelevanceex_sort/29.759534,-95.335321,29.675003,-95.502863_rect/12_zm/","$429,540","$352,000-$472,000", 2018, Granville Homes, Belterra, 3 spaces
811 S Mcarthur Ave # GTVNS3,Fresno,CA,93727,314900,1881.0,4.0,2.0,NA,New Construction,"http://www.zillow.com/homes/for_sale/2093554994_zpid/any_days/globalrelevanceex_sort/29.759534,-95.335321,29.675003,-95.502863_rect/12_zm/","$280,988","$256,000-$312,000", 2018, Summit Homebuilders, Hamilton Estates, 3 spaces
5377 E Townsend Ave,Fresno,CA,93727,149950,NA,NA,NA,9,Lot/Land For Sale,http://www.zillow.com/homes/for_sale//homedetails/5377-E-Townsend-Ave-Fresno-CA-93727/95482967_zpid/,NA,NA,Other Building Features,NA,Accessibility,Property Subtype 1: Single Family Residence
2691 N Mcarthur Ave # POKUOA,Fresno,CA,93727,334450,2366.0,3.0,2.5,NA,New Construction,"http://www.zillow.com/homes/for_sale/2093265258_zpid/any_days/globalrelevanceex_sort/29.759534,-95.335321,29.675003,-95.502863_rect/12_zm/","$352,926","$293,000-$434,000", 2018, Granville Homes, Belterra, 2 spaces
5366 E Townsend Ave,Fresno,CA,93727,149950,NA,NA,NA,9,Lot/Land For Sale,http://www.zillow.com/homes/for_sale//homedetails/5366-E-Townsend-Ave-Fresno-CA-93727/95514634_zpid/,We,UnavailableLAST30,Other Building Features,NA,Accessibility,Property Subtype 1: Single Family Residence
1158 S Mckelvey Ave,Fresno,CA,93727,298990,2195.0,4.0,3.0,NA,New Construction,"http://www.zillow.com/homes/for_sale/2093902922_zpid/any_days/globalrelevanceex_sort/29.759534,-95.335321,29.675003,-95.502863_rect/12_zm/","$301,151","$280,000-$367,000", 2018, Centex Homes, Ivywood, 2 spaces
6189 E Liberty Ave,Fresno,CA,93727,17000,1984.0,0.0,NA,19,Auction,http://www.zillow.com/homes/for_sale//homedetails/6189-E-Liberty-Ave-Fresno-CA-93727/18659493_zpid/,NA,NA,1957,NA,Single Family,2 spaces
2794 N Dee Ann Ave,Fresno,CA,93727,31000,2000.0,0.0,NA,19,Auction,http://www.zillow.com/homes/for_sale//homedetails/2794-N-Dee-Ann-Ave-Fresno-CA-93727/89468103_zpid/,"$321,516","$305,000-$338,000",No Data,NA,Single Family,No Data
6790 E Christine Ave,Fresno,CA,93727,270990,2450.0,5.0,3.0,NA,New Construction,"http://www.zillow.com/homes/for_sale/2094372483_zpid/any_days/globalrelevanceex_sort/29.759534,-95.335321,29.675003,-95.502863_rect/12_zm/","$266,900","$254,000-$299,000", 2018, Centex Homes, Ivywood, 2 spaces
5063 E Hammond Ave,Fresno,CA,93727,6.4000,NA,0.0,NA,19,Auction,http://www.zillow.com/homes/for_sale//homedetails/5063-E-Hammond-Ave-Fresno-CA-93727/18752498_zpid/,NA,NA,NA,NA,NA,NA
5086 E Floradora Ave,Fresno,CA,93727,11000,NA,0.0,NA,19,Auction,http://www.zillow.com/homes/for_sale//homedetails/5086-E-Floradora-Ave-Fresno-CA-93727/18752748_zpid/,NA,NA,NA,NA,NA,NA
1239 S Arroyo Ave,Fresno,CA,93727,282990,1923.0,4.0,3.0,NA,New Construction,"http://www.zillow.com/homes/for_sale/2093036854_zpid/any_days/globalrelevanceex_sort/29.759534,-95.335321,29.675003,-95.502863_rect/12_zm/","$291,973","$272,000-$333,000", 2018, Centex Homes, Ivywood, 2 spaces
4882 E Harvey Ave,FRESNO,CA,93727,2.6000,NA,0.0,NA,19,Auction,http://www.zillow.com/homes/for_sale//homedetails/4882-E-Harvey-Ave-Fresno-CA-93727/95464061_zpid/,"$185,632","$169,000-$206,000",No Data,NA,Single Family,No Data
6945 E Christine Ave,Fresno,CA,93727,313990,2450.0,5.0,3.0,NA,New Construction,"http://www.zillow.com/homes/for_sale/2093036848_zpid/any_days/globalrelevanceex_sort/29.759534,-95.335321,29.675003,-95.502863_rect/12_zm/","$344,851","$328,000-$410,000", 2018, Centex Homes, Ivywood, 2 spaces
6919 E Erin Ave,Fresno,CA,93727,287990,2175.0,4.0,2.0,NA,New Construction,"http://www.zillow.com/homes/for_sale/2094338980_zpid/any_days/globalrelevanceex_sort/29.759534,-95.335321,29.675003,-95.502863_rect/12_zm/","$266,900","$254,000-$299,000", 2018, Centex Homes, Ivywood, 2 spaces
5145 E Lane Ave APT 237,Fresno,CA,93727,65000,652.0,1.0,1.0,14,House For Sale,http://www.zillow.com/homes/for_sale//homedetails/5145-E-Lane-Ave-APT-237-Fresno-CA-93727/18767589_zpid/,"$69,754","$56,000-$81,000",1985,NA,Single Family,Attached Garage
1167 S Mckelvey Ave,Fresno,CA,93727,282990,1923.0,4.0,3.0,NA,New Construction,"http://www.zillow.com/homes/for_sale/2094372471_zpid/any_days/globalrelevanceex_sort/29.759534,-95.335321,29.675003,-95.502863_rect/12_zm/","$291,973","$272,000-$333,000", 2018, Centex Homes, Ivywood, 2 spaces
2132 S Ezie Ave,Fresno,CA,93727,277000,2291.0,4.0,2.0,23,Auction,http://www.zillow.com/homes/for_sale//homedetails/2132-S-Ezie-Ave-Fresno-CA-93727/68981845_zpid/,"$303,501","$288,000-$325,000",2005,NA,Single Family,No Data
4832 E Nevada Ave,Fresno,CA,93727,189000,1526.0,3.0,2.0,22,House For Sale,http://www.zillow.com/homes/for_sale//homedetails/4832-E-Nevada-Ave-Fresno-CA-93727/18759356_zpid/,NA,NA,NA,NA,NA,NA
5188 E Ashlan Ave APT 106,Fresno,CA,93727,119995,1207.0,2.0,1.5,17,House For Sale,http://www.zillow.com/homes/for_sale//homedetails/5188-E-Ashlan-Ave-APT-106-Fresno-CA-93727/18775660_zpid/,NA,NA,NA,NA,NA,NA
1796 S Sylmar Ave,Fresno,CA,93727,249000,2122.0,4.0,3.0,20,House For Sale,http://www.zillow.com/homes/for_sale//homedetails/1796-S-Sylmar-Ave-Fresno-CA-93727/18768222_zpid/,"$285,732","$234,000-$300,000",1978,NA,Single Family,Attached Garage
2441 S Bundy Dr,FRESNO,CA,93727,297950,1709.0,3.0,2.0,NA,House For Sale,http://www.zillow.com/homes/for_sale//homedetails/2441-S-Bundy-Dr-Fresno-CA-93727/95480679_zpid/,"$260,756","$248,000-$274,000",2009,NA,Single Family,Attached Garage
5952 E Christine Ave,Fresno,CA,93727,357000,2062.0,4.0,2.0,NA,For Sale by Owner,http://www.zillow.com/homes/for_sale//homedetails/5952-E-Christine-Ave-Fresno-CA-93727/68983053_zpid/,"$296,195","$281,000-$311,000",2005,NA,Single Family,3 spaces
355 N Homsy Ave,Fresno,CA,93727,259000,1782.0,3.0,2.0,NA,House For Sale,http://www.zillow.com/homes/for_sale//homedetails/355-N-Homsy-Ave-Fresno-CA-93727/18759217_zpid/,"$222,795","$203,000-$234,000",1977,NA,Single Family,Attached Garage
317 N Claremont Ave,Fresno,CA,93727,274900,1590.0,3.0,2.0,27,House For Sale,http://www.zillow.com/homes/for_sale//homedetails/317-N-Claremont-Ave-Fresno-CA-93727/18660256_zpid/,NA,NA,NA,NA,NA,NA
3142 N Douglas Ave,Fresno,CA,93727,409900,3127.0,5.0,2.5,15,House For Sale,http://www.zillow.com/homes/for_sale//homedetails/3142-N-Douglas-Ave-Fresno-CA-93727/68990006_zpid/,"$400,581","$381,000-$421,000",2006,NA,Single Family,Attached Garage
4845 E Balch Ave,Fresno,CA,93727,36000,NA,0.0,NA,19,Auction,http://www.zillow.com/homes/for_sale//homedetails/4845-E-Balch-Ave-Fresno-CA-93727/18760436_zpid/,NA,NA,NA,NA,NA,NA
4978 E White Ave,Fresno,CA,93727,259000,1600.0,4.0,2.0,12,House For Sale,http://www.zillow.com/homes/for_sale//homedetails/4978-E-White-Ave-Fresno-CA-93727/18753536_zpid/,NA,NA,NA,NA,NA,NA
813 S Laverne Ave,Fresno,CA,93727,392405,2684.0,4.0,3.0,NA,New Construction,http://www.zillow.com/homes/for_sale//homedetails/813-S-Laverne-Ave-Fresno-CA-93727/2091017541_zpid/,"$330,624","$268,000-$347,000", 2018,NA,NA," Attached Garage, 2 spaces"
5320 E Lyell Ave,Fresno,CA,93727,290250,1838.0,4.0,2.0,NA,New Construction,http://www.zillow.com/homes/for_sale//homedetails/5320-E-Lyell-Ave-Fresno-CA-93727/2091174081_zpid/,"$278,862","$257,000-$307,000",NA,NA,NA, 2 spaces
6781 E Orleans Ave,Fresno,CA,93727,315000,1803.0,4.0,2.0,NA,House For Sale,http://www.zillow.com/homes/for_sale//homedetails/6781-E-Orleans-Ave-Fresno-CA-93727/95465568_zpid/,NA,NA,NA,NA,NA,NA
2113 S De Sante Ave,Fresno,CA,93727,249000,1320.0,3.0,2.0,NA,House For Sale,http://www.zillow.com/homes/for_sale//homedetails/2113-S-De-Sante-Ave-Fresno-CA-93727/95525181_zpid/,"$241,677","$230,000-$254,000",2010,NA,Single Family,2 spaces
6645 E Farrin Ave,Fresno,CA,93727,380000,2912.0,4.0,3.0,NA,House For Sale,http://www.zillow.com/homes/for_sale//homedetails/6645-E-Farrin-Ave-Fresno-CA-93727/95512710_zpid/,"$393,964","$374,000-$414,000",2014,NA,Single Family,2 spaces
2305 S Rogers Ln,Fresno,CA,93727,379900,3477.0,4.0,3.0,20,House For Sale,http://www.zillow.com/homes/for_sale//homedetails/2305-S-Rogers-Ln-Fresno-CA-93727/79538348_zpid/,NA,NA,NA,NA,NA,NA
5489 E Burns Ave,Fresno,CA,93727,339906,2447.0,4.0,2.0,12,House For Sale,http://www.zillow.com/homes/for_sale//homedetails/5489-E-Burns-Ave-Fresno-CA-93727/2090917910_zpid/,"$307,412","$292,000-$329,000",No Data,NA,Single Family,Attached Garage
6129 E Montecito Ave,Fresno,CA,93727,301000,2041.0,3.0,2.5,16,House For Sale,http://www.zillow.com/homes/for_sale//homedetails/6129-E-Montecito-Ave-Fresno-CA-93727/18659353_zpid/,NA,NA,NA,NA,NA,NA
6516 E Pontiac Way,Fresno,CA,93727,410000,3085.0,4.0,4.0,NA,For Sale by Owner,http://www.zillow.com/homes/for_sale//homedetails/6516-E-Pontiac-Way-Fresno-CA-93727/95484955_zpid/,"$394,009","$374,000-$414,000",2015,NA,Single Family,3 spaces
5321 E Liberty Ave,Fresno,CA,93727,267750,1580.0,3.0,2.0,NA,New Construction,http://www.zillow.com/homes/for_sale//homedetails/5321-E-Liberty-Ave-Fresno-CA-93727/2091174088_zpid/,NA,NA,NA,NA,NA,NA
4860 E Lane Ave APT 236,Fresno,CA,93727,69900,937.0,2.0,1.0,27,House For Sale,http://www.zillow.com/homes/for_sale//homedetails/4860-E-Lane-Ave-APT-236-Fresno-CA-93727/18767231_zpid/,"$68,541","$64,000-$75,000",1982,NA,Single Family,"Carport, Detached Garage"
2589 N Whittier Ave,Fresno,CA,93727,334464,2165.0,4.0,3.0,NA,New Construction,http://www.zillow.com/homes/for_sale//homedetails/2589-N-Whittier-Ave-Fresno-CA-93727/2091075560_zpid/,NA,NA,NA,NA,NA,NA
5314 E Lyell Ave,Fresno,CA,93727,302250,1989.0,4.0,2.0,NA,New Construction,http://www.zillow.com/homes/for_sale//homedetails/5314-E-Lyell-Ave-Fresno-CA-93727/2091174084_zpid/,"$293,364","$267,000-$326,000",NA,NA,NA, 2 spaces
1302 S Orangewood Dr,Fresno,CA,93727,270250,1580.0,3.0,2.0,NA,New Construction,http://www.zillow.com/homes/for_sale//homedetails/1302-S-Orangewood-Dr-Fresno-CA-93727/2091174087_zpid/,"$258,258","$243,000-$292,000",NA,NA,NA, 2 spaces
5386 E Orleans Ave,Fresno,CA,93727,165000,NA,NA,NA,15,Lot/Land For Sale,http://www.zillow.com/homes/for_sale//homedetails/5386-E-Orleans-Ave-Fresno-CA-93727/95468990_zpid/,We,UnavailableLAST30,Amenities,NA,Accessibility,Vacant Land
5994 E Dayton Ave,Fresno,CA,93727,221000,NA,0.0,NA,19,Auction,http://www.zillow.com/homes/for_sale//homedetails/5994-E-Dayton-Ave-Fresno-CA-93727/18778326_zpid/,NA,NA,NA,NA,NA,NA
5341 E Liberty Ave,Fresno,CA,93727,310250,1989.0,4.0,2.0,NA,New Construction,http://www.zillow.com/homes/for_sale//homedetails/5341-E-Liberty-Ave-Fresno-CA-93727/2091174086_zpid/,"$293,364","$267,000-$326,000",NA,NA,NA, 2 spaces
5778 E Alta Ave UNIT 103,Fresno,CA,93727,300000,3994.0,6.0,4.0,NA,Condo For Sale,http://www.zillow.com/homes/for_sale//homedetails/5778-E-Alta-Ave-UNIT-103-Fresno-CA-93727/18768985_zpid/,"$374,721","$277,000-$393,000",1973,NA,Condo,4 spaces
5523 E Geary St,FRESNO,CA,93727,276000,2348.0,4.0,3.0,716,Foreclosed,http://www.zillow.com/homes/for_sale//homedetails/5523-E-Geary-St-Fresno-CA-93727/79534923_zpid/,"$307,874","$292,000-$323,000",2006,NA,Single Family,1 space
2369 S Playa Ave,Fresno,CA,93727,293000,2445.0,4.0,3.0,42,Auction,http://www.zillow.com/homes/for_sale//homedetails/2369-S-Playa-Ave-Fresno-CA-93727/89468709_zpid/,"$320,805","$305,000-$337,000",2007,NA,Single Family,2 spaces
6951 E Princeton Ave,Fresno,CA,93727,262000,2000.0,4.0,3.5,51,Auction,http://www.zillow.com/homes/for_sale//homedetails/6951-E-Princeton-Ave-Fresno-CA-93727/95472213_zpid/,NA,NA,2009,NA,Single Family,No Data
772 S Burgan Ave,Fresno,CA,93727,223000,1445.0,3.0,2.0,336,Foreclosed,http://www.zillow.com/homes/for_sale//homedetails/772-S-Burgan-Ave-Fresno-CA-93727/79525599_zpid/,"$242,191","$230,000-$254,000",2007,NA,Single Family,Attached Garage
4820 E Laurel Ave,Fresno,CA,93727,399995,6300.0,15.0,10.0,150,Make Me MoveÂ®,http://www.zillow.com/homes/for_sale//homedetails/4820-E-Laurel-Ave-Fresno-CA-93727/2108811591_zpid/,"$525,854","$379,000-$705,000",2014,NA,Multi Family,No Data
5730 E Lorena Ave,Fresno,CA,93727,269000,2191.0,4.0,2.0,372,Foreclosed,http://www.zillow.com/homes/for_sale//homedetails/5730-E-Lorena-Ave-Fresno-CA-93727/54660745_zpid/,"$298,047","$283,000-$313,000",2001,NA,Single Family,2 spaces
1208 S Clover Ave,Fresno,CA,93727,264990,2195.0,4.0,3.0,NA,New Construction,"http://www.zillow.com/homes/for_sale/2091673492_zpid/any_days/globalrelevanceex_sort/29.759534,-95.335321,29.675003,-95.502863_rect/12_zm/","$253,432","$241,000-$286,000", 2018, Centex Homes, Ivywood, 2 spaces
1184 S Clover Ave,Fresno,CA,93727,282990,2195.0,4.0,3.0,NA,New Construction,"http://www.zillow.com/homes/for_sale/2091539737_zpid/any_days/globalrelevanceex_sort/29.759534,-95.335321,29.675003,-95.502863_rect/12_zm/","$291,973","$272,000-$333,000", 2018, Centex Homes, Ivywood, 2 spaces
748 N Willow Ave,Fresno,CA,93727,239900,1693.0,4.0,2.0,48,House For Sale,http://www.zillow.com/homes/for_sale//homedetails/748-N-Willow-Ave-Fresno-CA-93727/18753335_zpid/,"$224,460","$180,000-$236,000",1960,NA,Single Family,Attached Garage
1181 S Clover Ave,Fresno,CA,93727,264990,1923.0,4.0,3.0,NA,New Construction,"http://www.zillow.com/homes/for_sale/2091673493_zpid/any_days/globalrelevanceex_sort/29.759534,-95.335321,29.675003,-95.502863_rect/12_zm/","$253,432","$241,000-$286,000", 2018, Centex Homes, Ivywood, 2 spaces
1170 S Arroyo Ave,Fresno,CA,93727,264990,2195.0,4.0,3.0,NA,New Construction,"http://www.zillow.com/homes/for_sale/2093036852_zpid/any_days/globalrelevanceex_sort/29.759534,-95.335321,29.675003,-95.502863_rect/12_zm/","$253,432","$241,000-$286,000", 2018, Centex Homes, Ivywood, 2 spaces
5123 E Kerckhoff,FRESNO,CA,93727,246000,1897.0,5.0,2.5,1304,Foreclosed,http://www.zillow.com/homes/for_sale//homedetails/5123-E-Kerckhoff-Fresno-CA-93727/63103023_zpid/,"$273,082","$259,000-$287,000",2004,NA,Single Family,2 spaces
6367 E Huntington Ave,Fresno,CA,93727,234000,1700.0,4.0,2.0,1919,Foreclosed,http://www.zillow.com/homes/for_sale//homedetails/6367-E-Huntington-Ave-Fresno-CA-93727/63180092_zpid/,"$259,845","$247,000-$273,000",2005,NA,Single Family,3 spaces
1182 S Arroyo Ave,Fresno,CA,93727,298990,2195.0,4.0,3.0,NA,New Construction,"http://www.zillow.com/homes/for_sale/2092831860_zpid/any_days/globalrelevanceex_sort/29.759534,-95.335321,29.675003,-95.502863_rect/12_zm/","$301,151","$280,000-$367,000", 2018, Centex Homes, Ivywood, 2 spaces
1190 S Winery Ave APT 124,Fresno,CA,93727,49999,679.0,1.0,1.0,NA,House For Sale,http://www.zillow.com/homes/for_sale//homedetails/1190-S-Winery-Ave-APT-124-Fresno-CA-93727/18767146_zpid/,"$56,919","$34,000-$65,000",1982,NA,Single Family,1 space
1205 S Clover Ave,Fresno,CA,93727,264990,1492.0,3.0,2.0,NA,New Construction,"http://www.zillow.com/homes/for_sale/2091673495_zpid/any_days/globalrelevanceex_sort/29.759534,-95.335321,29.675003,-95.502863_rect/12_zm/","$253,432","$241,000-$286,000", 2018, Centex Homes, Ivywood, 2 spaces
5094 E Washington Ave,Fresno,CA,93727,209000,1816.0,3.0,2.0,416,Foreclosed,http://www.zillow.com/homes/for_sale//homedetails/5094-E-Washington-Ave-Fresno-CA-93727/18759151_zpid/,"$230,210","$219,000-$251,000",1953,NA,Single Family,Attached Garage
645 S Minnewawa Ave,Fresno,CA,93727,NA,NA,NA,NA,1810,Foreclosed,http://www.zillow.com/homes/for_sale//homedetails/645-S-Minnewawa-Ave-Fresno-CA-93727/64591478_zpid/,We,UnavailableLAST30,CONSTRUCTION,NA,Size,Other Construction Features
1169 S Clover Ave,Fresno,CA,93727,298990,1740.0,4.0,3.0,NA,New Construction,"http://www.zillow.com/homes/for_sale/2091673497_zpid/any_days/globalrelevanceex_sort/29.759534,-95.335321,29.675003,-95.502863_rect/12_zm/","$301,151","$280,000-$367,000", 2018, Centex Homes, Ivywood, 2 spaces
1059 S Dee Ann Ave,Fresno,CA,93727,270990,1728.0,4.0,2.0,NA,New Construction,"http://www.zillow.com/homes/for_sale/2094372477_zpid/any_days/globalrelevanceex_sort/29.759534,-95.335321,29.675003,-95.502863_rect/12_zm/","$266,900","$254,000-$299,000", 2018, Centex Homes, Ivywood, 2 spaces
3084 N Arroyo Ave,Fresno,CA,93727,299000,1872.0,4.0,3.0,134,For Sale by Owner,http://www.zillow.com/homes/for_sale//homedetails/3084-N-Arroyo-Ave-Fresno-CA-93727/89468379_zpid/,"$313,007","$297,000-$329,000",2008,NA,Single Family,3 spaces
811 S Mcarthur Ave # G3YHVR,Fresno,CA,93727,372900,2684.0,4.0,3.0,NA,New Construction,"http://www.zillow.com/homes/for_sale/2093554986_zpid/any_days/globalrelevanceex_sort/29.759534,-95.335321,29.675003,-95.502863_rect/12_zm/","$427,392","$346,000-$479,000", 2018, Summit Homebuilders, Hamilton Estates, 2 spaces
5576 E Christine Ave,Fresno,CA,93727,320000,2008.0,4.0,3.0,129,House For Sale,http://www.zillow.com/homes/for_sale//homedetails/5576-E-Christine-Ave-Fresno-CA-93727/82855993_zpid/,"$303,688","$289,000-$319,000",2007,NA,Single Family,Attached Garage
6695 E Floradora Ave,Fresno,CA,93727,525000,NA,NA,NA,NA,Lot/Land For Sale,http://www.zillow.com/homes/for_sale//homedetails/6695-E-Floradora-Ave-Fresno-CA-93727/18652890_zpid/,We,UnavailableLAST30,CONSTRUCTION,NA,Spaces,Dates
6906 E Christine Ave,Fresno,CA,93727,294990,1728.0,4.0,2.0,NA,New Construction,"http://www.zillow.com/homes/for_sale/2094338986_zpid/any_days/globalrelevanceex_sort/29.759534,-95.335321,29.675003,-95.502863_rect/12_zm/","$297,759","$274,000-$328,000", 2018, Centex Homes, Ivywood, 2 spaces
6826 E Michigan Ave,Fresno,CA,93727,269000,1514.0,3.0,2.5,38,House For Sale,http://www.zillow.com/homes/for_sale//homedetails/6826-E-Michigan-Ave-Fresno-CA-93727/79537723_zpid/,"$281,085","$267,000-$295,000",2006,NA,Single Family,Attached Garage
5910 E Se Fillmore Ave,Fresno,CA,93727,320999,2407.0,4.0,3.5,57,House For Sale,http://www.zillow.com/homes/for_sale//homedetails/5910-E-Se-Fillmore-Ave-Fresno-CA-93727/2091564966_zpid/,NA,NA,NA,NA,NA,NA
5427 E Laurite Ave,Fresno,CA,93727,273598,1773.0,4.0,2.0,35,House For Sale,http://www.zillow.com/homes/for_sale//homedetails/5427-E-Laurite-Ave-Fresno-CA-93727/2091252451_zpid/,"$274,127","$255,000-$291,000",No Data,NA,Single Family,Attached Garage
6931 E Erin Ave,Fresno,CA,93727,270990,2063.0,4.0,2.0,NA,New Construction,"http://www.zillow.com/homes/for_sale/2093490699_zpid/any_days/globalrelevanceex_sort/29.759534,-95.335321,29.675003,-95.502863_rect/12_zm/",NA,NA,NA,NA,NA,NA
107 N Duke Ave,Fresno,CA,93727,267900,1833.0,3.0,3.0,42,House For Sale,http://www.zillow.com/homes/for_sale//homedetails/107-N-Duke-Ave-Fresno-CA-93727/95524728_zpid/,NA,NA,NA,NA,NA,NA
2344 S Caesar Ave,Fresno,CA,93727,298000,2880.0,4.0,2.5,190,Auction,http://www.zillow.com/homes/for_sale//homedetails/2344-S-Caesar-Ave-Fresno-CA-93727/79541526_zpid/,"$331,313","$315,000-$348,000",2007,NA,Single Family,3 spaces
5181 E Olive Ave UNIT 109,Fresno,CA,93727,479000,7883.0,16.0,14.0,NA,Apartment For Sale,http://www.zillow.com/homes/for_sale//homedetails/5181-E-Olive-Ave-UNIT-109-Fresno-CA-93727/18752809_zpid/,"$276,529","$133,000-$290,000",1979,NA,Multi Family,Carport
2359 S Rogers Ln,Fresno,CA,93727,255000,1486.0,4.0,2.0,NA,House For Sale,http://www.zillow.com/homes/for_sale//homedetails/2359-S-Rogers-Ln-Fresno-CA-93727/95516594_zpid/,"$242,306","$230,000-$254,000",2010,NA,Single Family,2 spaces
6182 E Dayton Ave,Fresno,CA,93727,269900,1435.0,3.0,2.0,NA,For Sale by Owner,http://www.zillow.com/homes/for_sale//homedetails/6182-E-Dayton-Ave-Fresno-CA-93727/89470054_zpid/,"$252,022","$239,000-$265,000",2007,NA,Single Family,2 spaces
6871 E Lorena Ave,Fresno,CA,93727,264990,1492.0,3.0,2.0,NA,New Construction,"http://www.zillow.com/homes/for_sale/2093902918_zpid/any_days/globalrelevanceex_sort/29.759534,-95.335321,29.675003,-95.502863_rect/12_zm/","$253,432","$241,000-$286,000", 2018, Centex Homes, Ivywood, 2 spaces
828 S Laverne Ave,Fresno,CA,93727,348900,2454.0,4.0,3.0,NA,New Construction,http://www.zillow.com/homes/for_sale//homedetails/828-S-Laverne-Ave-Fresno-CA-93727/2091982210_zpid/,"$315,413","$274,000-$331,000", 2018,NA,NA," Attached Garage, 3 spaces"
3508 N Purdue Ave,Fresno,CA,93727,265000,2354.0,6.0,2.0,50,House For Sale,http://www.zillow.com/homes/for_sale//homedetails/3508-N-Purdue-Ave-Fresno-CA-93727/18778252_zpid/,NA,NA,NA,NA,NA,NA
5457 E Illinois Ave,Fresno,CA,93727,140000,864.0,2.0,1.0,41,For Sale by Owner,http://www.zillow.com/homes/for_sale//homedetails/5457-E-Illinois-Ave-Fresno-CA-93727/18759538_zpid/,"$127,476","$101,000-$145,000",1950,NA,Single Family,10 spaces
1353 N Sandau Ave,Fresno,CA,93727,173000,1200.0,3.0,2.0,203,Auction,http://www.zillow.com/homes/for_sale//homedetails/1353-N-Sandau-Ave-Fresno-CA-93727/59370472_zpid/,"$202,839","$191,000-$213,000",2002,NA,Single Family,No Data
1787 S Homsy Ave,Fresno,CA,93727,399000,2273.0,3.0,2.0,NA,House For Sale,http://www.zillow.com/homes/for_sale//homedetails/1787-S-Homsy-Ave-Fresno-CA-93727/18768076_zpid/,NA,NA,NA,NA,NA,NA
2463 S Evelyn Ave,Fresno,CA,93727,290375,1773.0,4.0,2.0,35,House For Sale,http://www.zillow.com/homes/for_sale//homedetails/2463-S-Evelyn-Ave-Fresno-CA-93727/2091258038_zpid/,"$269,049","$229,000-$283,000",No Data,NA,Single Family,Attached Garage
5908 E Hoxie Ave,Fresno,CA,93727,389000,3190.0,6.0,4.0,NA,House For Sale,http://www.zillow.com/homes/for_sale//homedetails/5908-E-Hoxie-Ave-Fresno-CA-93727/72699471_zpid/,"$371,340","$353,000-$397,000",2006,NA,Single Family,2 spaces
4814 E Iowa Ave,Fresno,CA,93727,249998,2187.0,4.0,3.0,NA,House For Sale,http://www.zillow.com/homes/for_sale//homedetails/4814-E-Iowa-Ave-Fresno-CA-93727/18759610_zpid/,"$258,170","$245,000-$271,000",1950,NA,Single Family,Detached Garage
1347 S Filbert Ave # 33HDSM,Fresno,CA,93727,255750,1580.0,3.0,2.0,NA,New Construction,"http://www.zillow.com/homes/for_sale/2092190066_zpid/any_days/globalrelevanceex_sort/29.759534,-95.335321,29.675003,-95.502863_rect/12_zm/","$258,258","$243,000-$292,000", 2018, Lennar, Daffodil Hill - California Series, 2 spaces
5752 E Christine Ave,Fresno,CA,93727,301000,2674.0,5.0,3.0,218,Auction,http://www.zillow.com/homes/for_sale//homedetails/5752-E-Christine-Ave-Fresno-CA-93727/60248608_zpid/,"$332,606","$316,000-$349,000",2003,NA,Single Family,No Data
5854 E Byrd Ave,Fresno,CA,93727,379000,2863.0,5.0,3.0,63,For Sale by Owner,http://www.zillow.com/homes/for_sale//homedetails/5854-E-Byrd-Ave-Fresno-CA-93727/79537277_zpid/,"$357,636","$340,000-$376,000",2006,NA,Single Family,2 spaces
811 S Mcarthur Ave # HDPES,Fresno,CA,93727,385900,2684.0,4.0,3.0,NA,New Construction,"http://www.zillow.com/homes/for_sale/2093554985_zpid/any_days/globalrelevanceex_sort/29.759534,-95.335321,29.675003,-95.502863_rect/12_zm/","$427,392","$346,000-$479,000", 2018, Summit Homebuilders, Hamilton Estates, 3 spaces
6249 E Farrin Ave,Fresno,CA,93727,359500,2456.0,4.0,2.5,35,House For Sale,http://www.zillow.com/homes/for_sale//homedetails/6249-E-Farrin-Ave-Fresno-CA-93727/124736763_zpid/,"$335,797","$319,000-$353,000",2016,NA,Single Family,2 spaces
1729 S Waldby Ave,Fresno,CA,93727,350000,2542.0,4.0,2.5,45,House For Sale,http://www.zillow.com/homes/for_sale//homedetails/1729-S-Waldby-Ave-Fresno-CA-93727/18768040_zpid/,NA,NA,NA,NA,NA,NA
1524 N Temperance Ave,Fresno,CA,93727,725000,3200.0,4.0,4.0,62,House For Sale,http://www.zillow.com/homes/for_sale//homedetails/1524-N-Temperance-Ave-Fresno-CA-93727/18652495_zpid/,"$515,177","$402,000-$541,000",1975,NA,Single Family,Attached Garage
5893 E Grove Ave,Fresno,CA,93727,349000,2620.0,4.0,3.0,NA,House For Sale,http://www.zillow.com/homes/for_sale//homedetails/5893-E-Grove-Ave-Fresno-CA-93727/79534856_zpid/,NA,NA,NA,NA,NA,NA
5235 E Hammond Ave,Fresno,CA,93727,224950,1553.0,2.0,1.75,41,House For Sale,http://www.zillow.com/homes/for_sale//homedetails/5235-E-Hammond-Ave-Fresno-CA-93727/18752927_zpid/,"$206,027","$124,000-$216,000",1994,NA,Single Family,Attached Garage
5298 E Orleans Ave,Fresno,CA,93727,330000,2762.0,3.0,1.5,112,House For Sale,http://www.zillow.com/homes/for_sale//homedetails/5298-E-Orleans-Ave-Fresno-CA-93727/18768035_zpid/,"$332,541","$316,000-$349,000",1978,NA,Single Family,2 spaces
5439 E Laurite Ave,Fresno,CA,93727,278669,1773.0,4.0,2.0,108,House For Sale,http://www.zillow.com/homes/for_sale//homedetails/5439-E-Laurite-Ave-Fresno-CA-93727/2092008971_zpid/,"$275,343","$259,000-$292,000",No Data,NA,Single Family,Attached Garage
5430 E Laurite Ave,Fresno,CA,93727,280133,1773.0,4.0,2.0,35,House For Sale,http://www.zillow.com/homes/for_sale//homedetails/5430-E-Laurite-Ave-Fresno-CA-93727/2091257703_zpid/,"$280,086","$258,000-$294,000",No Data,NA,Single Family,Attached Garage
1192 S Minnewawa Ave,Fresno,CA,93727,269000,1800.0,3.0,2.0,NA,House For Sale,http://www.zillow.com/homes/for_sale//homedetails/1192-S-Minnewawa-Ave-Fresno-CA-93727/18766783_zpid/,"$272,802","$259,000-$295,000",1947,NA,Single Family,"Carport, Detached Garage"
1347 S Filbert Ave # ES09S,Fresno,CA,93727,277750,1838.0,4.0,2.0,NA,New Construction,"http://www.zillow.com/homes/for_sale/2092190068_zpid/any_days/globalrelevanceex_sort/29.759534,-95.335321,29.675003,-95.502863_rect/12_zm/","$278,862","$257,000-$307,000", 2018, Lennar, Daffodil Hill - California Series, 2 spaces
2286 S Minnewawa Ave LOT 6,Fresno,CA,93727,115000,NA,NA,NA,31,Lot/Land For Sale,http://www.zillow.com/homes/for_sale//homedetails/2286-S-Minnewawa-Ave-LOT-6-Fresno-CA-93727/2091211816_zpid/,NA,NA,NA,NA,NA,NA
2587 N Millard Ave,Fresno,CA,93727,327500,1630.0,3.0,2.0,NA,House For Sale,http://www.zillow.com/homes/for_sale//homedetails/2587-N-Millard-Ave-Fresno-CA-93727/2101196995_zpid/,"$291,647","$201,000-$306,000",2015,NA,Single Family,2 spaces
2691 N Mcarthur Ave # FZKTSV,Fresno,CA,93727,320950,2165.0,4.0,3.0,NA,New Construction,"http://www.zillow.com/homes/for_sale/2094098285_zpid/any_days/globalrelevanceex_sort/29.759534,-95.335321,29.675003,-95.502863_rect/12_zm/",NA,NA,NA,NA,NA,NA
2586 S Bundy Dr,Fresno,CA,93727,399000,3190.0,5.0,4.0,35,House For Sale,http://www.zillow.com/homes/for_sale//homedetails/2586-S-Bundy-Dr-Fresno-CA-93727/79533010_zpid/,"$427,079","$406,000-$448,000",2006,NA,Single Family,Attached Garage
2691 N Mcarthur Ave # UNZ43C,Fresno,CA,93727,295950,1623.0,3.0,2.0,NA,New Construction,"http://www.zillow.com/homes/for_sale/2094098288_zpid/any_days/globalrelevanceex_sort/29.759534,-95.335321,29.675003,-95.502863_rect/12_zm/","$262,067","$233,000-$299,000", 2018, Granville Homes, Belterra, 2 spaces
1347 S Filbert Ave # 6Y704C,Fresno,CA,93727,287750,1989.0,4.0,2.0,NA,New Construction,"http://www.zillow.com/homes/for_sale/2092190069_zpid/any_days/globalrelevanceex_sort/29.759534,-95.335321,29.675003,-95.502863_rect/12_zm/","$293,364","$267,000-$326,000", 2018, Lennar, Daffodil Hill - California Series, 2 spaces
0 E Country Club Ln,Fresno,CA,93727,135000,NA,NA,NA,136,Lot/Land For Sale,http://www.zillow.com/homes/for_sale//homedetails/0-E-Country-Club-Ln-Fresno-CA-93727/2111849661_zpid/,We,UnavailableLAST30,Amenities,NA,Accessibility,Potential Use: Residential
5844 E Park Circle Dr,Fresno,CA,93727,125000,NA,NA,NA,91,Lot/Land For Sale,http://www.zillow.com/homes/for_sale//homedetails/5844-E-Park-Circle-Dr-Fresno-CA-93727/18768624_zpid/,NA,NA,NA,NA,NA,NA
811 S Mcarthur Ave # WDST1Z,Fresno,CA,93727,346900,2254.0,4.0,3.0,NA,New Construction,"http://www.zillow.com/homes/for_sale/2093554990_zpid/any_days/globalrelevanceex_sort/29.759534,-95.335321,29.675003,-95.502863_rect/12_zm/","$340,962","$300,000-$402,000", 2018, Summit Homebuilders, Hamilton Estates, 3 spaces
2691 N Mcarthur Ave # S1M1G3,Fresno,CA,93727,279950,1589.0,3.0,2.5,NA,New Construction,"http://www.zillow.com/homes/for_sale/2094098287_zpid/any_days/globalrelevanceex_sort/29.759534,-95.335321,29.675003,-95.502863_rect/12_zm/",NA,NA,NA,NA,NA,NA
0 E Church,Fresno,CA,93727,999000,NA,NA,NA,37,Lot/Land For Sale,http://www.zillow.com/homes/for_sale//homedetails/0-E-Church-Fresno-CA-93727/2091293050_zpid/,We,UnavailableLAST30,"Potential Use: Residential, Condo/PUD",NA,Type and Style,Lot: 4.42 acres
807 S Burgan Ave,Fresno,CA,93727,351900,2254.0,4.0,3.0,NA,New Construction,http://www.zillow.com/homes/for_sale//homedetails/807-S-Burgan-Ave-Fresno-CA-93727/2095075463_zpid/,"$298,370","$269,000-$313,000", 2018,NA,NA," Attached Garage, 3 spaces"
804 S Laverne Ave,Fresno,CA,93727,329900,2069.0,3.0,2.0,NA,New Construction,http://www.zillow.com/homes/for_sale//homedetails/804-S-Laverne-Ave-Fresno-CA-93727/2092598333_zpid/,"$287,772","$247,000-$302,000", 2017,NA,NA," Attached Garage, 2 spaces"
811 S Mcarthur Ave # GN4LIW,Fresno,CA,93727,384986,2307.0,3.0,3.0,NA,New Construction,"http://www.zillow.com/homes/for_sale/2093554988_zpid/any_days/globalrelevanceex_sort/29.759534,-95.335321,29.675003,-95.502863_rect/12_zm/","$348,067","$313,000-$393,000", 2018, Summit Homebuilders, Hamilton Estates, 3 spaces
5171 E Grant Ave,Fresno,CA,93727,397900,2700.0,5.0,3.0,535,House For Sale,http://www.zillow.com/homes/for_sale//homedetails/5171-E-Grant-Ave-Fresno-CA-93727/18758884_zpid/,NA,NA,NA,NA,NA,NA
5465 E Tower Ave,Fresno,CA,93727,339000,2445.0,4.0,3.0,NA,House For Sale,http://www.zillow.com/homes/for_sale//homedetails/5465-E-Tower-Ave-Fresno-CA-93727/89469246_zpid/,"$331,647","$315,000-$348,000",2008,NA,Single Family,No Data
6070 E Homan Ave,Fresno,CA,93727,369950,2165.0,4.0,3.0,128,House For Sale,http://www.zillow.com/homes/for_sale//homedetails/6070-E-Homan-Ave-Fresno-CA-93727/2092223173_zpid/,"$311,896","$284,000-$334,000",2017,NA,Single Family,Attached Garage
2553 N Whittier Ave,Fresno,CA,93727,345964,2165.0,4.0,3.0,NA,New Construction,http://www.zillow.com/homes/for_sale//homedetails/2553-N-Whittier-Ave-Fresno-CA-93727/2093149694_zpid/,"$334,463","$304,000-$358,000", 2017,NA,NA, 2 spaces
2691 N Mcarthur Ave # G314J9,Fresno,CA,93727,347950,2032.0,3.0,2.0,NA,New Construction,"http://www.zillow.com/homes/for_sale/2094098281_zpid/any_days/globalrelevanceex_sort/29.759534,-95.335321,29.675003,-95.502863_rect/12_zm/","$306,195","$273,000-$377,000", 2018, Granville Homes, Belterra, 2 spaces
E Country Clb,Fresno,CA,93727,135000,NA,NA,NA,135,Lot/Land For Sale,http://www.zillow.com/homes/for_sale//homedetails/E-Country-Clb-Fresno-CA-93727/2092305377_zpid/,We,UnavailableLAST30,Other Construction Features,NA,Type and Style,MLS #: 491935
812 S Laverne Ave,Fresno,CA,93727,346250,2108.0,3.0,3.0,NA,New Construction,http://www.zillow.com/homes/for_sale//homedetails/812-S-Laverne-Ave-Fresno-CA-93727/2092598143_zpid/,"$294,883","$257,000-$310,000", 2017,NA,NA," Attached Garage, 3 spaces"
2577 N Whittier Ave,Fresno,CA,93727,329968,2079.0,3.0,3.0,NA,New Construction,http://www.zillow.com/homes/for_sale//homedetails/2577-N-Whittier-Ave-Fresno-CA-93727/2093149695_zpid/,"$322,896","$297,000-$352,000", 2017,NA,NA, 2 spaces
5389 E Orleans Ave,Fresno,CA,93727,170000,NA,NA,NA,370,Lot/Land For Sale,http://www.zillow.com/homes/for_sale//homedetails/5389-E-Orleans-Ave-Fresno-CA-93727/95470358_zpid/,NA,NA,Amenities,NA,Accessibility,Vacant Land
738 N Peach Ave,FRESNO,CA,93727,55000,4639.0,NA,NA,312,Lot/Land For Sale,http://www.zillow.com/homes/for_sale//homedetails/738-N-Peach-Ave-Fresno-CA-93727/95513157_zpid/,We,UnavailableLAST30,CONSTRUCTION,NA,Accessibility,Stories: 0
726 N Peach Ave,FRESNO,CA,93727,55000,8995.0,NA,NA,312,Lot/Land For Sale,http://www.zillow.com/homes/for_sale//homedetails/726-N-Peach-Ave-Fresno-CA-93727/95508039_zpid/,We,UnavailableLAST30,CONSTRUCTION,NA,Accessibility,Stories: 0
712 N Peach Ave,FRESNO,CA,93727,55000,NA,NA,NA,312,Lot/Land For Sale,http://www.zillow.com/homes/for_sale//homedetails/712-N-Peach-Ave-Fresno-CA-93727/95466989_zpid/,We,UnavailableLAST30,CONSTRUCTION,NA,Accessibility,Stories: 0
5946 E Belmont Ave,Fresno,CA,93727,263000,1591.0,3.0,2.0,55,House For Sale,http://www.zillow.com/homes/for_sale//homedetails/5946-E-Belmont-Ave-Fresno-CA-93727/18660086_zpid/,"$226,043","$212,000-$237,000",1983,NA,Single Family,Attached Garage
5415 E Norwich Ave,Fresno,CA,93727,419000,2857.0,4.0,3.5,160,House For Sale,http://www.zillow.com/homes/for_sale//homedetails/5415-E-Norwich-Ave-Fresno-CA-93727/18780993_zpid/,"$435,483","$414,000-$457,000",1958,NA,Single Family,Attached Garage
E Grove Ave,Fresno,CA,93727,NA,1342.0,2.0,1.0,589,Pre-Foreclosure (Auction),"http://www.zillow.com/homes/for_sale/174848340_zpid/any_days/globalrelevanceex_sort/29.759534,-95.335321,29.675003,-95.502863_rect/12_zm/",We,UnavailableLAST30, 1996,NA,NA," Attached Garage, 2 spaces, 420 sqft garage"
S Judy Ave,Fresno,CA,93727,NA,1240.0,3.0,1.0,449,Pre-Foreclosure (Auction),"http://www.zillow.com/homes/for_sale/174848245_zpid/any_days/globalrelevanceex_sort/29.759534,-95.335321,29.675003,-95.502863_rect/12_zm/",We,UnavailableLAST30,2009,NA,Single Family,1 space
E Montecito Ave,Fresno,CA,93727,NA,1525.0,3.0,1.0,617,Pre-Foreclosure (Auction),"http://www.zillow.com/homes/for_sale/174848252_zpid/any_days/globalrelevanceex_sort/29.759534,-95.335321,29.675003,-95.502863_rect/12_zm/",We,UnavailableLAST30, 2009,NA,NA," Attached Garage, 1 space, 394 sqft garage"
S Apricot Ave,Fresno,CA,93727,NA,1629.0,2.0,1.0,310,Pre-Foreclosure,"http://www.zillow.com/homes/for_sale/174848265_zpid/any_days/globalrelevanceex_sort/29.759534,-95.335321,29.675003,-95.502863_rect/12_zm/",We,UnavailableLAST30,2013,NA,Single Family,2 spaces
E Florence Ave,Fresno,CA,93727,NA,2863.0,5.0,2.0,518,Pre-Foreclosure (Auction),"http://www.zillow.com/homes/for_sale/174848272_zpid/any_days/globalrelevanceex_sort/29.759534,-95.335321,29.675003,-95.502863_rect/12_zm/",We,UnavailableLAST30, 2005,NA,NA," Attached Garage, 2 spaces, 455 sqft garage"
E Church Ave,Fresno,CA,93727,NA,2698.0,3.0,1.0,392,Pre-Foreclosure,"http://www.zillow.com/homes/for_sale/174848281_zpid/any_days/globalrelevanceex_sort/29.759534,-95.335321,29.675003,-95.502863_rect/12_zm/",We,UnavailableLAST30,1982,NA,Single Family,5 spaces
S Bundy Dr,Fresno,CA,93727,NA,1515.0,3.0,1.0,476,Pre-Foreclosure,"http://www.zillow.com/homes/for_sale/174848297_zpid/any_days/globalrelevanceex_sort/29.759534,-95.335321,29.675003,-95.502863_rect/12_zm/",We,UnavailableLAST30,2009,NA,Single Family,2 spaces
E Fillmore Ave,Fresno,CA,93727,NA,2407.0,4.0,2.0,379,Pre-Foreclosure,"http://www.zillow.com/homes/for_sale/174848306_zpid/any_days/globalrelevanceex_sort/29.759534,-95.335321,29.675003,-95.502863_rect/12_zm/",We,UnavailableLAST30, 2012,NA,NA," Attached Garage, 2 spaces, 456 sqft garage"
S Dee Ann Ave,Fresno,CA,93727,NA,1626.0,3.0,1.0,486,Pre-Foreclosure (Auction),"http://www.zillow.com/homes/for_sale/174848311_zpid/any_days/globalrelevanceex_sort/29.759534,-95.335321,29.675003,-95.502863_rect/12_zm/",We,UnavailableLAST30,2010,NA,Single Family,2 spaces
E Grove Ave,Fresno,CA,93727,NA,1342.0,2.0,1.0,589,Pre-Foreclosure (Auction),"http://www.zillow.com/homes/for_sale/174848340_zpid/any_days/globalrelevanceex_sort/29.759534,-95.335321,29.675003,-95.502863_rect/12_zm/",NA,NA, 1996,NA,NA," Attached Garage, 2 spaces, 420 sqft garage"
E Erin Ave,Fresno,CA,93727,NA,2939.0,5.0,2.0,458,Pre-Foreclosure (Auction),"http://www.zillow.com/homes/for_sale/174848368_zpid/any_days/globalrelevanceex_sort/29.759534,-95.335321,29.675003,-95.502863_rect/12_zm/",We,UnavailableLAST30, 2004,NA,NA," Attached Garage, 2 spaces, 464 sqft garage"
S Mcarthur Ave,Fresno,CA,93727,NA,1691.0,3.0,1.0,435,Pre-Foreclosure,"http://www.zillow.com/homes/for_sale/174848372_zpid/any_days/globalrelevanceex_sort/29.759534,-95.335321,29.675003,-95.502863_rect/12_zm/",We,UnavailableLAST30, 2008,NA,NA," Attached Garage, 2 spaces, 440 sqft garage"
E Austin Way,Fresno,CA,93727,NA,1317.0,3.0,1.0,303,Pre-Foreclosure,"http://www.zillow.com/homes/for_sale/174955473_zpid/any_days/globalrelevanceex_sort/29.759534,-95.335321,29.675003,-95.502863_rect/12_zm/",We,UnavailableLAST30,1959,NA,Single Family,2 spaces
S Rogers Ln,Fresno,CA,93727,NA,2008.0,4.0,2.0,406,Pre-Foreclosure,"http://www.zillow.com/homes/for_sale/174955517_zpid/any_days/globalrelevanceex_sort/29.759534,-95.335321,29.675003,-95.502863_rect/12_zm/",We,UnavailableLAST30,2006,NA,Single Family,2 spaces
S Minnewawa Ave,Fresno,CA,93727,NA,2643.0,3.0,1.0,423,Pre-Foreclosure,"http://www.zillow.com/homes/for_sale/174955518_zpid/any_days/globalrelevanceex_sort/29.759534,-95.335321,29.675003,-95.502863_rect/12_zm/",We,UnavailableLAST30, 1964,NA,NA," Attached Garage, 3 spaces, 792 sqft garage"
E Pontiac Way,Fresno,CA,93727,NA,1406.0,4.0,1.0,336,Pre-Foreclosure (Auction),"http://www.zillow.com/homes/for_sale/174955521_zpid/any_days/globalrelevanceex_sort/29.759534,-95.335321,29.675003,-95.502863_rect/12_zm/",We,UnavailableLAST30,1976,NA,Single Family,1 space
N Claremont Ave,Fresno,CA,93727,NA,1253.0,3.0,1.0,471,Pre-Foreclosure,"http://www.zillow.com/homes/for_sale/174955524_zpid/any_days/globalrelevanceex_sort/29.759534,-95.335321,29.675003,-95.502863_rect/12_zm/",We,UnavailableLAST30, 1974,NA,NA," Attached Garage, 2 spaces, 440 sqft garage"
E Nevada Ave,Fresno,CA,93727,NA,2183.0,3.0,1.0,800,Pre-Foreclosure (Auction),"http://www.zillow.com/homes/for_sale/174955532_zpid/any_days/globalrelevanceex_sort/29.759534,-95.335321,29.675003,-95.502863_rect/12_zm/",We,UnavailableLAST30, 1984,NA,NA," Attached Garage, 2 spaces, 440 sqft garage"
E Kerckhoff Ave,Fresno,CA,93727,NA,1000.0,3.0,1.0,444,Pre-Foreclosure (Auction),"http://www.zillow.com/homes/for_sale/174955546_zpid/any_days/globalrelevanceex_sort/29.759534,-95.335321,29.675003,-95.502863_rect/12_zm/",We,UnavailableLAST30, 1973,NA,NA," Attached Garage, 2 spaces, 420 sqft garage"
Columbia Dr N,Fresno,CA,93727,NA,1924.0,3.0,1.0,620,Pre-Foreclosure (Auction),"http://www.zillow.com/homes/for_sale/174955553_zpid/any_days/globalrelevanceex_sort/29.759534,-95.335321,29.675003,-95.502863_rect/12_zm/",We,UnavailableLAST30,1941,NA,Single Family,2 spaces
E Alta Ave,Fresno,CA,93727,NA,2256.0,4.0,2.5,184,Pre-Foreclosure (Auction),"http://www.zillow.com/homes/for_sale/241921561_zpid/any_days/globalrelevanceex_sort/29.759534,-95.335321,29.675003,-95.502863_rect/12_zm/",We,UnavailableLAST30,2008,NA,Single Family,2 spaces
N Shirley Ave,Fresno,CA,93727,NA,1100.0,3.0,1.0,144,Pre-Foreclosure,"http://www.zillow.com/homes/for_sale/243250796_zpid/any_days/globalrelevanceex_sort/29.759534,-95.335321,29.675003,-95.502863_rect/12_zm/",NA,NA, 1973,NA,NA,NA
E Hampton Way,Fresno,CA,93727,NA,1484.0,3.0,1.5,143,Pre-Foreclosure,"http://www.zillow.com/homes/for_sale/243291224_zpid/any_days/globalrelevanceex_sort/29.759534,-95.335321,29.675003,-95.502863_rect/12_zm/",NA,NA, 1962,NA,NA," Attached Garage, 2 spaces, 540 sqft garage"
N Arroyo Ave,Fresno,CA,93727,NA,1868.0,4.0,1.0,259,Pre-Foreclosure,"http://www.zillow.com/homes/for_sale/239951741_zpid/any_days/globalrelevanceex_sort/29.759534,-95.335321,29.675003,-95.502863_rect/12_zm/",We,UnavailableLAST30,2008,NA,Single Family,2 spaces
S Bliss Ave,Fresno,CA,93727,NA,1445.0,3.0,1.0,262,Pre-Foreclosure,"http://www.zillow.com/homes/for_sale/239951754_zpid/any_days/globalrelevanceex_sort/29.759534,-95.335321,29.675003,-95.502863_rect/12_zm/",We,UnavailableLAST30, 2006,NA,NA," Attached Garage, 2 spaces, 462 sqft garage"
E Norwich Ave,Fresno,CA,93727,NA,1630.0,3.0,1.0,136,Pre-Foreclosure,"http://www.zillow.com/homes/for_sale/243429126_zpid/any_days/globalrelevanceex_sort/29.759534,-95.335321,29.675003,-95.502863_rect/12_zm/",We,UnavailableLAST30, 1952,NA,NA,NA
E Shields Ave UNIT 111,Fresno,CA,93727,NA,1162.0,3.0,1.5,325,Pre-Foreclosure,"http://www.zillow.com/homes/for_sale/242659190_zpid/any_days/globalrelevanceex_sort/29.759534,-95.335321,29.675003,-95.502863_rect/12_zm/",We,UnavailableLAST30, 1981,NA,NA,NA
S Waldby Ave,Fresno,CA,93727,NA,2350.0,4.0,2.5,234,Pre-Foreclosure (Auction),"http://www.zillow.com/homes/for_sale/242659194_zpid/any_days/globalrelevanceex_sort/29.759534,-95.335321,29.675003,-95.502863_rect/12_zm/",We,UnavailableLAST30, 1977,NA,NA," Attached Garage, 2 spaces, 550 sqft garage"
E Madison Ave,Fresno,CA,93727,NA,1581.0,3.0,1.5,171,Pre-Foreclosure,"http://www.zillow.com/homes/for_sale/242079692_zpid/any_days/globalrelevanceex_sort/29.759534,-95.335321,29.675003,-95.502863_rect/12_zm/",We,UnavailableLAST30, 1947,NA,NA," Attached Garage, 2 spaces, 513 sqft garage"
E Princeton Ave,Fresno,CA,93727,NA,2000.0,4.0,3.5,163,Pre-Foreclosure,"http://www.zillow.com/homes/for_sale/242986840_zpid/any_days/globalrelevanceex_sort/29.759534,-95.335321,29.675003,-95.502863_rect/12_zm/",We,UnavailableLAST30, 2009,NA,NA," Attached Garage, 2 spaces, 669 sqft garage"
E Florence Ave,Fresno,CA,93727,NA,1718.0,4.0,2.0,163,Pre-Foreclosure (Auction),"http://www.zillow.com/homes/for_sale/174955516_zpid/any_days/globalrelevanceex_sort/29.759534,-95.335321,29.675003,-95.502863_rect/12_zm/",We,UnavailableLAST30, 2011,NA,NA," Attached Garage, 2 spaces, 482 sqft garage"
S Caesar Ave,Fresno,CA,93727,NA,2880.0,4.0,2.5,212,Pre-Foreclosure (Auction),"http://www.zillow.com/homes/for_sale/241625968_zpid/any_days/globalrelevanceex_sort/29.759534,-95.335321,29.675003,-95.502863_rect/12_zm/",NA,NA, 2007,NA,NA," Attached Garage, 2 spaces, 665 sqft garage"
E Inyo St,Fresno,CA,93727,NA,6064.0,5.0,2.0,171,Pre-Foreclosure,"http://www.zillow.com/homes/for_sale/242079690_zpid/any_days/globalrelevanceex_sort/29.759534,-95.335321,29.675003,-95.502863_rect/12_zm/",We,UnavailableLAST30, 2006,NA,NA," Attached Garage, 1 space, 354 sqft garage"
N Fordham Ave,Fresno,CA,93727,NA,1591.0,3.0,2.0,185,Pre-Foreclosure,"http://www.zillow.com/homes/for_sale/241886891_zpid/any_days/globalrelevanceex_sort/29.759534,-95.335321,29.675003,-95.502863_rect/12_zm/",We,UnavailableLAST30,1982,NA,Single Family,1 space
E White Ave,Fresno,CA,93727,NA,2115.0,3.0,2.0,213,Pre-Foreclosure,"http://www.zillow.com/homes/for_sale/241625984_zpid/any_days/globalrelevanceex_sort/29.759534,-95.335321,29.675003,-95.502863_rect/12_zm/",We,UnavailableLAST30, 1952,NA,NA," Attached Garage, 2 spaces, 440 sqft garage"
S Kona Ave,Fresno,CA,93727,NA,1492.0,3.0,2.0,191,Pre-Foreclosure,"http://www.zillow.com/homes/for_sale/241750364_zpid/any_days/globalrelevanceex_sort/29.759534,-95.335321,29.675003,-95.502863_rect/12_zm/",We,UnavailableLAST30, 2014,NA,NA," Attached Garage, 2 spaces, 420 sqft garage"
E Hampton Way,Fresno,CA,93727,NA,1484.0,3.0,1.5,143,Pre-Foreclosure,"http://www.zillow.com/homes/for_sale/243291224_zpid/any_days/globalrelevanceex_sort/29.759534,-95.335321,29.675003,-95.502863_rect/12_zm/",We,UnavailableLAST30, 1962,NA,NA," Attached Garage, 2 spaces, 540 sqft garage"
N Hammel Way,Fresno,CA,93727,NA,934.0,3.0,1.0,149,Pre-Foreclosure (Auction),"http://www.zillow.com/homes/for_sale/243213787_zpid/any_days/globalrelevanceex_sort/29.759534,-95.335321,29.675003,-95.502863_rect/12_zm/",We,UnavailableLAST30,1953,NA,Single Family,No Data
N Sunnyside Ave,Fresno,CA,93727,NA,2134.0,3.0,2.5,116,Pre-Foreclosure,"http://www.zillow.com/homes/for_sale/243745276_zpid/any_days/globalrelevanceex_sort/29.759534,-95.335321,29.675003,-95.502863_rect/12_zm/",NA,NA,NA,NA,NA,NA
N Shirley Ave,Fresno,CA,93727,NA,1204.0,3.0,1.5,115,Pre-Foreclosure,"http://www.zillow.com/homes/for_sale/243745289_zpid/any_days/globalrelevanceex_sort/29.759534,-95.335321,29.675003,-95.502863_rect/12_zm/",We,UnavailableLAST30,1976,NA,Single Family,1 space
N Fordham Ave,Fresno,CA,93727,NA,1161.0,4.0,1.5,115,Pre-Foreclosure,"http://www.zillow.com/homes/for_sale/243745290_zpid/any_days/globalrelevanceex_sort/29.759534,-95.335321,29.675003,-95.502863_rect/12_zm/",We,UnavailableLAST30, 1972,NA,NA," Attached Garage, 2 spaces, 441 sqft garage"
E Alta Ave,Fresno,CA,93727,NA,2256.0,4.0,2.5,184,Pre-Foreclosure (Auction),"http://www.zillow.com/homes/for_sale/241921561_zpid/any_days/globalrelevanceex_sort/29.759534,-95.335321,29.675003,-95.502863_rect/12_zm/",We,UnavailableLAST30,2008,NA,Single Family,2 spaces
N Shirley Ave,Fresno,CA,93727,NA,1100.0,3.0,1.0,144,Pre-Foreclosure,"http://www.zillow.com/homes/for_sale/243250796_zpid/any_days/globalrelevanceex_sort/29.759534,-95.335321,29.675003,-95.502863_rect/12_zm/",We,UnavailableLAST30, 1973,NA,NA,NA
E Griffith Way,Fresno,CA,93727,NA,2596.0,3.0,1.5,226,Pre-Foreclosure,"http://www.zillow.com/homes/for_sale/241519210_zpid/any_days/globalrelevanceex_sort/29.759534,-95.335321,29.675003,-95.502863_rect/12_zm/",We,UnavailableLAST30, 1960,NA,NA, 440 sqft garage
E Carmen Ave,Fresno,CA,93727,NA,1400.0,3.0,1.5,164,Pre-Foreclosure (Auction),"http://www.zillow.com/homes/for_sale/242930169_zpid/any_days/globalrelevanceex_sort/29.759534,-95.335321,29.675003,-95.502863_rect/12_zm/",We,UnavailableLAST30,1961,NA,Single Family,1 space
E Illinois Ave,Fresno,CA,93727,NA,1590.0,3.0,2.0,155,Pre-Foreclosure,"http://www.zillow.com/homes/for_sale/243154479_zpid/any_days/globalrelevanceex_sort/29.759534,-95.335321,29.675003,-95.502863_rect/12_zm/",We,UnavailableLAST30,1987,NA,Single Family,2 spaces
E Gettysburg Ave,Fresno,CA,93727,NA,1471.0,4.0,1.5,479,Pre-Foreclosure,"http://www.zillow.com/homes/for_sale/174955477_zpid/any_days/globalrelevanceex_sort/29.759534,-95.335321,29.675003,-95.502863_rect/12_zm/",We,UnavailableLAST30,1960,NA,Single Family,2 spaces
S Ezie Ave,Fresno,CA,93727,NA,2291.0,4.0,2.0,127,Pre-Foreclosure,"http://www.zillow.com/homes/for_sale/174848365_zpid/any_days/globalrelevanceex_sort/29.759534,-95.335321,29.675003,-95.502863_rect/12_zm/",We,UnavailableLAST30,2005,NA,Single Family,2 spaces
E Cornell Ave,Fresno,CA,93727,NA,3537.0,3.0,3.5,179,Pre-Foreclosure (Auction),"http://www.zillow.com/homes/for_sale/241972096_zpid/any_days/globalrelevanceex_sort/29.759534,-95.335321,29.675003,-95.502863_rect/12_zm/",We,UnavailableLAST30, 2008,NA,NA," Attached Garage, 2 spaces, 683 sqft garage"
S Bush Ave,Fresno,CA,93727,NA,1996.0,3.0,2.0,158,Pre-Foreclosure (Auction),"http://www.zillow.com/homes/for_sale/174955482_zpid/any_days/globalrelevanceex_sort/29.759534,-95.335321,29.675003,-95.502863_rect/12_zm/",We,UnavailableLAST30, 1978,NA,NA," Attached Garage, 2 spaces, 484 sqft garage"
E Fillmore Ave,Fresno,CA,93727,NA,1830.0,5.0,2.0,158,Pre-Foreclosure,"http://www.zillow.com/homes/for_sale/243082732_zpid/any_days/globalrelevanceex_sort/29.759534,-95.335321,29.675003,-95.502863_rect/12_zm/",We,UnavailableLAST30, 2006,NA,NA," Attached Garage, 2 spaces, 400 sqft garage"
E Washington Ave,Fresno,CA,93727,NA,1118.0,3.0,1.0,147,Pre-Foreclosure,"http://www.zillow.com/homes/for_sale/243218448_zpid/any_days/globalrelevanceex_sort/29.759534,-95.335321,29.675003,-95.502863_rect/12_zm/",We,UnavailableLAST30, 1942,NA,NA," Attached Garage, 1 space, 280 sqft garage"
E Shields Ave UNIT 111,Fresno,CA,93727,NA,1162.0,3.0,1.5,325,Pre-Foreclosure,"http://www.zillow.com/homes/for_sale/242659190_zpid/any_days/globalrelevanceex_sort/29.759534,-95.335321,29.675003,-95.502863_rect/12_zm/",We,UnavailableLAST30, 1981,NA,NA,NA
S Waldby Ave,Fresno,CA,93727,NA,2350.0,4.0,2.5,234,Pre-Foreclosure (Auction),"http://www.zillow.com/homes/for_sale/242659194_zpid/any_days/globalrelevanceex_sort/29.759534,-95.335321,29.675003,-95.502863_rect/12_zm/",We,UnavailableLAST30, 1977,NA,NA," Attached Garage, 2 spaces, 550 sqft garage"
E Lorena Ave,Fresno,CA,93727,NA,1718.0,3.0,2.5,169,Pre-Foreclosure,"http://www.zillow.com/homes/for_sale/242085608_zpid/any_days/globalrelevanceex_sort/29.759534,-95.335321,29.675003,-95.502863_rect/12_zm/",We,UnavailableLAST30, 2010,NA,NA," Attached Garage, 2 spaces, 482 sqft garage"
E Cornell Ave,Fresno,CA,93727,NA,3537.0,3.0,3.5,179,Pre-Foreclosure (Auction),"http://www.zillow.com/homes/for_sale/241972096_zpid/any_days/globalrelevanceex_sort/29.759534,-95.335321,29.675003,-95.502863_rect/12_zm/",We,UnavailableLAST30, 2008,NA,NA," Attached Garage, 2 spaces, 683 sqft garage"
N Fordham Ave,Fresno,CA,93727,NA,1161.0,4.0,1.5,115,Pre-Foreclosure,"http://www.zillow.com/homes/for_sale/243745290_zpid/any_days/globalrelevanceex_sort/29.759534,-95.335321,29.675003,-95.502863_rect/12_zm/",We,UnavailableLAST30, 1972,NA,NA," Attached Garage, 2 spaces, 441 sqft garage"
S Caesar Ave,Fresno,CA,93727,NA,1858.0,5.0,1.5,142,Pre-Foreclosure,"http://www.zillow.com/homes/for_sale/243363226_zpid/any_days/globalrelevanceex_sort/29.759534,-95.335321,29.675003,-95.502863_rect/12_zm/",We,UnavailableLAST30, 1992,NA,NA," Attached Garage, 2 spaces, 400 sqft garage"
E Carmen Ave,Fresno,CA,93727,NA,1400.0,3.0,1.5,164,Pre-Foreclosure (Auction),"http://www.zillow.com/homes/for_sale/242930169_zpid/any_days/globalrelevanceex_sort/29.759534,-95.335321,29.675003,-95.502863_rect/12_zm/",We,UnavailableLAST30,1961,NA,Single Family,1 space
E Braly Ave,Fresno,CA,93727,NA,1539.0,3.0,2.5,126,Pre-Foreclosure,"http://www.zillow.com/homes/for_sale/243604657_zpid/any_days/globalrelevanceex_sort/29.759534,-95.335321,29.675003,-95.502863_rect/12_zm/",We,UnavailableLAST30,2007,NA,Single Family,2 spaces
E Andrews Ave,Fresno,CA,93727,NA,1777.0,4.0,1.0,393,Pre-Foreclosure,"http://www.zillow.com/homes/for_sale/174809714_zpid/any_days/globalrelevanceex_sort/29.759534,-95.335321,29.675003,-95.502863_rect/12_zm/",We,UnavailableLAST30, 2010,NA,NA," Attached Garage, 1 space, 398 sqft garage"
N Armstrong Ave,Fresno,CA,93727,NA,2308.0,2.0,1.0,527,Pre-Foreclosure (Auction),"http://www.zillow.com/homes/for_sale/174809717_zpid/any_days/globalrelevanceex_sort/29.759534,-95.335321,29.675003,-95.502863_rect/12_zm/",We,UnavailableLAST30,1979,NA,Single Family,3 spaces
E Christine Ave,Fresno,CA,93727,NA,2674.0,5.0,2.0,655,Pre-Foreclosure (Auction),"http://www.zillow.com/homes/for_sale/174848233_zpid/any_days/globalrelevanceex_sort/29.759534,-95.335321,29.675003,-95.502863_rect/12_zm/",We,UnavailableLAST30,2003,NA,Single Family,2 spaces
S Judy Ave,Fresno,CA,93727,NA,1240.0,3.0,1.0,449,Pre-Foreclosure (Auction),"http://www.zillow.com/homes/for_sale/174848245_zpid/any_days/globalrelevanceex_sort/29.759534,-95.335321,29.675003,-95.502863_rect/12_zm/",We,UnavailableLAST30,2009,NA,Single Family,1 space
E Montecito Ave,Fresno,CA,93727,NA,1525.0,3.0,1.0,617,Pre-Foreclosure (Auction),"http://www.zillow.com/homes/for_sale/174848252_zpid/any_days/globalrelevanceex_sort/29.759534,-95.335321,29.675003,-95.502863_rect/12_zm/",NA,NA,NA,NA,NA,NA
S Apricot Ave,Fresno,CA,93727,NA,1629.0,2.0,1.0,310,Pre-Foreclosure,"http://www.zillow.com/homes/for_sale/174848265_zpid/any_days/globalrelevanceex_sort/29.759534,-95.335321,29.675003,-95.502863_rect/12_zm/",We,UnavailableLAST30,2013,NA,Single Family,2 spaces
E Florence Ave,Fresno,CA,93727,NA,2863.0,5.0,2.0,518,Pre-Foreclosure (Auction),"http://www.zillow.com/homes/for_sale/174848272_zpid/any_days/globalrelevanceex_sort/29.759534,-95.335321,29.675003,-95.502863_rect/12_zm/",We,UnavailableLAST30, 2005,NA,NA," Attached Garage, 2 spaces, 455 sqft garage"
E Church Ave,Fresno,CA,93727,NA,2698.0,3.0,1.0,392,Pre-Foreclosure,"http://www.zillow.com/homes/for_sale/174848281_zpid/any_days/globalrelevanceex_sort/29.759534,-95.335321,29.675003,-95.502863_rect/12_zm/",We,UnavailableLAST30,1982,NA,Single Family,5 spaces
S Bundy Dr,Fresno,CA,93727,NA,1515.0,3.0,1.0,476,Pre-Foreclosure,"http://www.zillow.com/homes/for_sale/174848297_zpid/any_days/globalrelevanceex_sort/29.759534,-95.335321,29.675003,-95.502863_rect/12_zm/",We,UnavailableLAST30,2009,NA,Single Family,2 spaces
E Fillmore Ave,Fresno,CA,93727,NA,2407.0,4.0,2.0,379,Pre-Foreclosure,"http://www.zillow.com/homes/for_sale/174848306_zpid/any_days/globalrelevanceex_sort/29.759534,-95.335321,29.675003,-95.502863_rect/12_zm/",NA,NA, 2012,NA,NA," Attached Garage, 2 spaces, 456 sqft garage"
S Dee Ann Ave,Fresno,CA,93727,NA,1626.0,3.0,1.0,486,Pre-Foreclosure (Auction),"http://www.zillow.com/homes/for_sale/174848311_zpid/any_days/globalrelevanceex_sort/29.759534,-95.335321,29.675003,-95.502863_rect/12_zm/",We,UnavailableLAST30,2010,NA,Single Family,2 spaces
E Grove Ave,Fresno,CA,93727,NA,1342.0,2.0,1.0,589,Pre-Foreclosure (Auction),"http://www.zillow.com/homes/for_sale/174848340_zpid/any_days/globalrelevanceex_sort/29.759534,-95.335321,29.675003,-95.502863_rect/12_zm/",We,UnavailableLAST30, 1996,NA,NA," Attached Garage, 2 spaces, 420 sqft garage"
